,num_iterations,time_to_complete
0,1000.0,0.156635046005249
1,2000.0,0.3261878490447998
2,5000.0,0.8058853149414062
3,15000.0,2.652681350708008
4,30000.0,4.728400230407715
