,num_iterations,time_to_complete
0,1000.0,0.0029990673065185
1,2000.0,0.0059905052185058
2,5000.0,0.015000581741333
3,15000.0,0.0429961681365966
4,30000.0,0.08852958679199219
